[
  {
    "id": "34cd8ce5-f581-4f0a-819d-07259f7b2b68",
    "data": [
      {
        "text": "I like all colors but ",
        "userDefined": false
      },
      {
        "text": "green",
        "alias": "color",
        "meta": "@sys.color",
        "userDefined": false
      },
      {
        "text": " is my favorite",
        "userDefined": false
      }
    ],
    "isTemplate": false,
    "count": 0,
    "updated": 1542539096
  },
  {
    "id": "c61de066-7f87-4726-990e-83c62ecee6d0",
    "data": [
      {
        "text": "I like ",
        "userDefined": false
      },
      {
        "text": "light pink",
        "alias": "color1",
        "meta": "@sys.color",
        "userDefined": false
      }
    ],
    "isTemplate": false,
    "count": 0,
    "updated": 1542539096
  },
  {
    "id": "26a38cf0-406c-4c3f-b99f-d8a79f959c8c",
    "data": [
      {
        "text": "I like ",
        "userDefined": false
      },
      {
        "text": "dark blue",
        "alias": "color1",
        "meta": "@sys.color",
        "userDefined": false
      }
    ],
    "isTemplate": false,
    "count": 0,
    "updated": 1542539096
  },
  {
    "id": "fb89ffa4-aaed-4531-8b33-8285afd6bbae",
    "data": [
      {
        "text": "I like ",
        "userDefined": false
      },
      {
        "text": "yellow",
        "alias": "color1",
        "meta": "@sys.color",
        "userDefined": false
      },
      {
        "text": " over ",
        "userDefined": false
      },
      {
        "text": "brown",
        "alias": "color",
        "meta": "@sys.color",
        "userDefined": false
      }
    ],
    "isTemplate": false,
    "count": 0,
    "updated": 1542539096
  },
  {
    "id": "0403b015-17c1-4b43-8462-e5f2eb98a590",
    "data": [
      {
        "text": "red",
        "alias": "color",
        "meta": "@sys.color",
        "userDefined": false
      }
    ],
    "isTemplate": false,
    "count": 0,
    "updated": 1542539096
  },
  {
    "id": "952d3cd0-5ffd-4bda-8ff1-87992fbd0ab0",
    "data": [
      {
        "text": "blue",
        "alias": "color",
        "meta": "@sys.color",
        "userDefined": false
      }
    ],
    "isTemplate": false,
    "count": 0,
    "updated": 1542539096
  },
  {
    "id": "c2ec51e6-6169-4803-a240-7b0b732657fb",
    "data": [
      {
        "text": "Yellow",
        "alias": "color",
        "meta": "@sys.color",
        "userDefined": false
      }
    ],
    "isTemplate": false,
    "count": 0,
    "updated": 1542539096
  }
]