[
  {
    "id": "8921c45f-b65b-4a04-8441-92f6bc5732b2",
    "data": [
      {
        "text": "yellow",
        "alias": "color",
        "meta": "@sys.color",
        "userDefined": false
      }
    ],
    "isTemplate": false,
    "count": 0,
    "updated": 1542188570
  },
  {
    "id": "3f6a7bfb-a95c-48f1-a400-77dc5433f9ce",
    "data": [
      {
        "text": "black",
        "alias": "color",
        "meta": "@sys.color",
        "userDefined": false
      }
    ],
    "isTemplate": false,
    "count": 0,
    "updated": 1542188570
  },
  {
    "id": "06bb6f1f-a0e0-4b70-9573-51ce2d4b793b",
    "data": [
      {
        "text": "i love ",
        "userDefined": false
      },
      {
        "text": "white",
        "alias": "color",
        "meta": "@sys.color",
        "userDefined": false
      }
    ],
    "isTemplate": false,
    "count": 0,
    "updated": 1542187671
  },
  {
    "id": "f395ed88-826d-481a-baaa-cd59ef13bfa7",
    "data": [
      {
        "text": "green",
        "alias": "color",
        "meta": "@sys.color",
        "userDefined": false
      },
      {
        "text": " is my favourite",
        "userDefined": false
      }
    ],
    "isTemplate": false,
    "count": 0,
    "updated": 1542187671
  },
  {
    "id": "a6f7d166-cd2f-499e-949d-3d4da0c2fe7e",
    "data": [
      {
        "text": "i love ",
        "userDefined": false
      },
      {
        "text": "black",
        "alias": "color",
        "meta": "@sys.color",
        "userDefined": false
      }
    ],
    "isTemplate": false,
    "count": 0,
    "updated": 1542187671
  },
  {
    "id": "b9823ccb-1534-4672-98eb-34cdda49706e",
    "data": [
      {
        "text": "pink",
        "alias": "color",
        "meta": "@sys.color",
        "userDefined": false
      }
    ],
    "isTemplate": false,
    "count": 0,
    "updated": 1542187671
  }
]