[
  {
    "id": "5e5ef40d-808e-46d2-b3d1-bec1fc146374",
    "data": [
      {
        "text": "green",
        "alias": "color",
        "meta": "@sys.color",
        "userDefined": false
      },
      {
        "text": " is my favorite",
        "userDefined": false
      }
    ],
    "isTemplate": false,
    "count": 0,
    "updated": 1542653714
  },
  {
    "id": "1a8a5049-4436-41af-b9fc-6592d1023419",
    "data": [
      {
        "text": "i love ",
        "userDefined": false
      },
      {
        "text": "white",
        "alias": "color",
        "meta": "@sys.color",
        "userDefined": false
      }
    ],
    "isTemplate": false,
    "count": 0,
    "updated": 1542653714
  },
  {
    "id": "85557c80-733f-4f75-9b07-3d5ad60cfa0d",
    "data": [
      {
        "text": "I like ",
        "userDefined": false
      },
      {
        "text": "pink",
        "alias": "color",
        "meta": "@sys.color",
        "userDefined": false
      }
    ],
    "isTemplate": false,
    "count": 0,
    "updated": 1542653714
  },
  {
    "id": "70ffe20e-ea96-419d-881f-4fb49ca98b04",
    "data": [
      {
        "text": "yellow",
        "alias": "color",
        "meta": "@sys.color",
        "userDefined": false
      }
    ],
    "isTemplate": false,
    "count": 0,
    "updated": 1542653714
  },
  {
    "id": "1a971ba9-b76a-47c1-bbac-f8d6137b78c8",
    "data": [
      {
        "text": "blue",
        "alias": "color",
        "meta": "@sys.color",
        "userDefined": false
      }
    ],
    "isTemplate": false,
    "count": 0,
    "updated": 1542653714
  }
]